source,Course Code,Course Name,Unnamed: 3
communication,COURSECODE ,Course Name,
communication,SUS 1010,Strategies for University Success,
communication,MTH 1109,College Algebra,
communication,ENG 1106,Composition I,
communication,IST 1010,Introduction to Information Systems,
communication,FLA 1010,Fundamentals of Photography & Cinematography,
communication,FLA 1005,History of Film & Video,
communication,FLA 1015,Fundamental of Scripting,
communication,FLA 1020,Film and video production fundamentals,
communication,SND 1005,History & Theory of Sound for Film & Video,
communication,GRM 2000,Introduction to Research Methods,
communication,SND 2010,Sound Physics,
communication,FLA 1035,Introduction to Production Design and Art Directing,
communication,FLA 1040,Camera Operation Techniques and Aesthetics,
communication,ENG 2206,Composition II,
communication,FLA 2010,The Business of Film,
communication,FLA 2015,Fundamentals of Film Directing,
communication,FRN 1000,Foreign Language I (French),
communication,SPN 1000,Foreign Language I (Spanish),
communication,JPN 1000,Foreign Language I (Japanese),
communication,CHI 1000,Foreign Language I (Chinese),
communication,SWA 1000,Foreign Language I (Swahili),
communication,ARB 1000,Foreign Language I (Arabic),
communication,CMS 3700,Community Service,
communication,SND 2015,Sound Design and Aesthetics,
communication,FLA 2020,Principles of Writing for Dramatic and Factual Production,
communication,FRN 1001,Foreign Language II (French),
communication,SPN 1001,Foreign Language II (Spanish),
communication,JPN 1001,Foreign Language II (Japanese),
communication,CHI 1001,Foreign Language II (Chinese),
communication,SWA 1001,Foreign Language II (Swahili),
communication,ARB 1001,Foreign Language II (Arabic),
communication,CIN 2005,Visual Production Design,
communication,FLA 2025,World Approaches to Film,
communication,FLA 2030,Entertainment Law & Ethics of Film Production & Directing,
communication,FLA 2035,Film Theory and Criticism,
communication,SND 3005,Sound Mixing,
communication,SND 3010,Sound Script Analysis and Project,
communication,PRD 3005,The Art of the Pitch,
communication,PRD 4020,Costume and Makeup for Film,
communication,SEN 4800,Integrated Senior Seminar,
communication,PRD 4010,Producing from Greenlight to Completion,
communication,PRD 4910,Internship,
communication,SCR 3005,Screenwriting: Characters & Genres,
communication,SCR 3010,Writing for the Short Film,
communication,SCR 3015,Writing for Television Drama,
communication,SCR 4005,Feature Film Writing,
communication,PRD 4005,Screen Acting,
communication,DIR 3005,Art Direction and Production Design,
communication,DIR 3010,Directing Actors,
communication,DIR 3015,Location and Studio Directing,
communication,DIR 4005,Directing the Master Scene,
communication,CIN 3005,Advanced Color Theory and Color Timing for Cinematography,
communication,CIN 3010,Shooting the Master Scene,
communication,CIN 3015,Visual Effects and Green Screen Cinematography,
communication,CIN 4005,Studio Production,
communication,EDT 3005,Sound and VFX for Film and Video,
communication,EDT 3010,Advanced Color Theory and Color Timing for Editing,
communication,EDT 3015,After Effects,
communication,EDT 4005,Editing the Narrative,
communication,BUS 1010,Introduction to Business,
communication,COM 1500,Intercultural Communication,
communication,ECO 1010,Principles of Microeconomics,
communication,ENT 1010,Introduction to Entrepreneurship,
communication,HRT 1010,Introduction to Hospitality & Tourism Management,
communication,MGT 3010,Overview of Management Practice,
communication,MKT 3010,Principles of Marketing,
communication,LIT 4785,African Authors Seminar,
communication,PHL 3310,Ethics and Value Theory,
communication,PSY 3135,Psychology of Communication,
communication,SOC 3301,Social Problems,
communication,SOC 3305,Deviant Behaviour,
communication,GEO 3000,Geography and the Environment,
communication,ANM 1010,History of Film Animation,
communication,ANM 1020,Fundamentals of Animation,
communication,ANM 1030,Introduction to Drawing,
communication,ANM 1040,Character Design,
communication,ANM 1050,Cinema and Television Equipment Workshop,
communication,ANM 1060,Illustration and Environment Design,
communication,ANM 1070,The Art of the Storyboard and Animatic Design,
communication,ANM 2010,Fundamentals of Scripting for Animation,
communication,ANM 2020,Introduction to 2D and 3D Animation,
communication,ANM 2040,Acting for Animators,
communication,ANM 2050,Camera Language and Cinematography,
communication,ANM 2055,Introduction to Coding,
communication,ANM 2070,Theoretical Perspective in Film and Animation,
communication,ANM 2080,Composition and Sound Design for Animation,
communication,ANM 2090,Theories of Popular Media and Art,
communication,ANM 3000,Fundamentals of Compositing,
communication,ANM 3010,Storyboarding and the Script,
communication,ANM 3015,Character Rigging,
communication,ANM 3040,Law and Ethics in the Animation Business,
communication,ANM 3060,The Business of Animation Content,
communication,ANM 4015,Aesthetic of the African Story,
communication,ANM 4050,Advanced Scripting for Animation and Production,
communication,ANM 4060,Senior Project and Portfolio Development,
communication,ANM 4090,Internship,
communication,ANM 4055,Digital Effects for Film and Television,
communication,ANM 4045,3D Modeling & Design Methods,
communication,ANM 4035,Advanced 2D Computer Animation,
communication,ANM 4030,Advanced 3D Animation,
communication,ANM 4020,3D Environment and Effects,
communication,ANM 4080,Interactive Design,
communication,ANM 4092,Game Programming,
communication,ANM 4082,Virtual and Augmented Design,
communication,ANM 4085,Gaming Environment Design,
communication,JRN 1106,History and Theory of Public Relations,
communication,JRN 1100,Introduction to Broadcast Media Techniques and Technology,
communication,JRN 1109,Introduction to Mass Communication,
communication,JRN 2004,Public Relations Writing,
communication,JRN 2103,Fundamentals of Photography,
communication,JRN 2106,Principles of Broadcasting,
communication,JRN 2107,Writing for Broadcast Media,
communication,JRN 2202,Introduction to Print Media Techniques & Technology,
communication,JRN 2223,Theories of Mass Communication,
communication,JRN 3000,News Reporting & Writing,
communication,JRN 3003,Media Law,
communication,JRN 3004,Media Ethics,
communication,JRN 3006,International Mass Media,
communication,JRN 3015,Media Management,
communication,JRN 3024,Communication Research,
communication,JRN 3027,New Media Production,
communication,JRN 3029,Media Studies,
communication,JRN 4900,Project,
communication,JRN 4910,Internship,
communication,JRN 4911,Media Tour Experience,
communication,JRN 3002,Introduction to News Editing,
communication,JRN 3020,Development Journalism,
communication,JRN 3301,Feature Writing,
communication,JRN 3922,Photojournalism,
communication,JRN 4031,Print Media Production,
communication,JRN 4401,Editorial Writing,
communication,JRN 3010,Television & Video Production I,
communication,JRN 3012,Broadcast Presentation,
communication,JRN 3013,Broadcast Journalism,
communication,JRN 3321,Radio Production I,
communication,JRN 4013,Broadcast Screenwriting,
communication,JRN 4030,Television & Video Production II,
communication,JRN 2109,History & Theory of Advertising,
communication,JRN 3018,Organizational Communication,
communication,JRN 3901,Principles of Advertising,
communication,JRN 3911,Principles of Public Relations,
communication,JRN 4033,Advertising Content & Media Audiences,
communication,JRN 4037,Advertising and Creative Strategy,
pharmacy,PHY 1331,Introduction to Medical Physiology (Human Physiology I),
pharmacy,ENV 2001,Sustainable Resource Management,
pharmacy,HAN 1321,Human Anatomy I,
pharmacy,CHE 1305,Inorganic Chemistry I (Basic Inorganic Chemistry),
pharmacy,BCM 1341,Cellular Biology (Biochemistry I),
pharmacy,PHY 1332,Human Physiology II,
pharmacy,NSC 2215,Introduction to Physical Mechanics,
pharmacy,CHE 1306,Inorganic Chemistry II (Atomic Structure and Chemical Bonding),
pharmacy,CHE 2305,Introduction to Organic Chemistry,
pharmacy,HAN 1322,Human Anatomy II,
pharmacy,PHY 1333,Human Physiology III,
pharmacy,HAN 1323,Human Anatomy III,
pharmacy,CHE 2307,Physical Chemistry,
pharmacy,CHE 2306,Synthetic Methods in Organic Chemistry,
pharmacy,BCM 1342,Biochemistry II,
pharmacy,PHM 3401,Introduction to Analytical Chemistry,
pharmacy,BCM 1343,Biochemistry III (Metabolism and Associated Disorders),
pharmacy,PHY 2334,Cardiovascular and Renal Physiology,
pharmacy,MIC 2365,Bacteriology,
pharmacy,BCM 2345,Biochemistry V (Enzymology),
pharmacy,HSC 2391,Health Economics,
pharmacy,SOC 2201,Introduction to Sociology,
pharmacy,PAT 3371,General Pathology,
pharmacy,PHY 2335,Human Physiology V,
pharmacy,BCM 2344,Biochemistry of Specialized Tissue,
pharmacy,MIC 2362,Parasitology and Entomology,
pharmacy,MIC 2366,Virology and Mycology,
pharmacy,CHE 2304,Chromatographic Methods,
pharmacy,PHY 2336,Human Physiology VI,
pharmacy,BCM 2346,Molecular Biology (Biochemistry VI),
pharmacy,MIC 2367,Immunopathology,
pharmacy,BCM 3347,Introduction to Pharmaceutical Biotechnology (Biochemistry VII),
pharmacy,BOT 3352,Plant Anatomy and Physiology,
pharmacy,CHE 2308,Nuclear Chemistry,
pharmacy,HSC 3492,Law and Ethics in Research,
pharmacy,PHM 3402,Instrumental Method Analysis,
pharmacy,PHM 3481,Introduction to Clinical Pharmacy (Clinical),
pharmacy,PHM 3471,Basic Pharmacology and Toxicology,
pharmacy,PHM 3411,Introduction to Pharmacy (Pharmaceuticals),
pharmacy,BOT 3353,General Plant Biochemistry and Toxicology,
pharmacy,PAT 3372,Haematology,
pharmacy,PHM 3451,General Pharmacognosy,
pharmacy,PHM 3412,Biopharmaceutics,
pharmacy,PHM 3404,Drug Discovery and Development,
pharmacy,PHM 3485,Clinical Management of Bacterial and Viral Diseases,
pharmacy,PHM 3472,Anti-Infective Drugs,
pharmacy,PHM 3483,Respiratory and Gastrointestinal Disorders,
pharmacy,PAT 3373,Clinical Chemistry,
pharmacy,PHM 3473,Respiratory and Gastrointestinal Pharmacology,
pharmacy,PHM 3405,Medicinal Chemistry of Pharmacodynamics Drugs,
pharmacy,PHM 3413,Physical Pharmaceutics,
 Parasitic and Protozoan Diseases,PHM 3487,Clinical Management of Fungal,
pharmacy,PHM 4492,Introduction to Social and Behavioral Pharmacy,
pharmacy,PHM 4484,Cardiovascular and Renal Disorders,
pharmacy,PHM 4474,Cardiovascular and Renal Pharmacology,
 Activities & Assays of Chemotherapeutic Agents,PHM 4405,Classification,
pharmacy,PHM 4414,Unit Operations,
pharmacy,PHM 4451,Fundamentals of Phytochemistry,
pharmacy,HSC 4493,Research Methods and Biostatistics,
pharmacy,PHM 4487,Endocrine and Reproductive System Disorders,
pharmacy,PHM 4475,Endocrine and Reproductive Pharmacology,
pharmacy,PHM 4452,Complementary and Alternative Medicine,
pharmacy,PHM 4425,Qualitative and Quantitative Analysis of Drugs (Pharmaceutical Analysis I),
pharmacy,PHM 4415,Powder Technology,
pharmacy,PHM 4406,Discovery & Development of Chemotherapeutic Agents,
pharmacy,PHM 4481,Pharmacy Practice Experience 1,
pharmacy,PHM 4493,Applied Social & Behavioral Pharmacy,
pharmacy,PHM 4488,Nervous and Musculoskeletal Disorders,
pharmacy,PHM 4476,Nervous and Musculoskeletal Pharmacology,
pharmacy,PHM 4426,Operations of a Quality Control Laboratory (Pharmaceutical Analysis II),
pharmacy,PHM 4416,Dispensing and Pharmacy Practice,
pharmacy,PHM 4482,Pharmacy Practice Experience II,
pharmacy,PHM 5492,Pharmaceutical Marketing Management,
pharmacy,PHM 5493,Pharmacy Management,
pharmacy,PHM 5407,Pharmaceutical Quality Control,
pharmacy,PHM 5490,Neoplastic Disorders,
pharmacy,PHM 5417,Dosage Forms,
pharmacy,PHM 4483,Pharmacy Practice Experience III,
pharmacy,PHM 5496,Pharmacy Law & Ethics,
pharmacy,PHM 5478,Veterinary Pharmacology,
pharmacy,PHM 5418,Pharmaceutical Microbiology,
pharmacy,PHM 5497,Research Proposal,
pharmacy,BUS 4090,Strategic Management,
pharmacy,PHM 5494,Elective Industrial & Hospital Attachment,
pharmacy,PHM 5498,Research Project and Thesis,
pharmacy,EPI 1000,Introduction to Epidemiology,
pharmacy,BST 1010,Introduction to Biostatistics,
pharmacy,EPI 1010,Epidemiology of Disease,
pharmacy,HSC 1394,Introduction to Global Health,
pharmacy,BST 1020,Introduction to Statistical Computing,
pharmacy,HSC 1330,Calculus for Health Sciences,
pharmacy,MIC 2360,Introduction to Microbiology & Parasitology,
pharmacy,BST 2010,Probability and Statistical Inference,
pharmacy,EPI 2010,Nutritional Epidemiology,
pharmacy,EPI 3010,Advanced Epidemiology,
pharmacy,IST 1025,Introduction to Computer Programming,
pharmacy,DAN 3010,Multivariate Methods/Analysis,
pharmacy,PHT 2010,Disease Prevention & Health Promotion,
pharmacy,BST 3010,Regression Modelling,
pharmacy,HSC 3395,Environmental & Occupational Health,
pharmacy,NSC 2205,Human Physiology,
pharmacy,PHT 2020,Control & Prevention of Infectious Diseases,
pharmacy,PHT 3010,Contemporary Community Health Issues,
pharmacy,BST 3020,Demographic Techniques,
pharmacy,DAN 3020,Data Mining,
pharmacy,HSC 4010,Sociology for Health Sciences,
pharmacy,EPI 4010,Exposure Assessment in Epidemiology,
pharmacy,EPI 4020,Genetic & Molecular Epidemiology,
pharmacy,EPI 4030,Pharmacoepidemiology and Drug Safety,
pharmacy,HSC 4396,Fundamentals of Global Health,
pharmacy,DAN 4010,Design & Management of Clinical Trials,
pharmacy,PHT 4010,Public Health Epidemiology,
pharmacy,DAN 4015,Longitudinal Data Analysis,
pharmacy,BST 4030,Spatial Statistics and Disease Mapping,
pharmacy,HSC 4496,Research Methods in Health Sciences,
pharmacy,DAN 4030,Time Series Analysis,
pharmacy,BST 4040,Statistical Genetics,
pharmacy,HSC 4494,Practicum & Attachment,
pharmacy,HSC 4495,Project Planning & Proposal Development,
pharmacy,BST 4020,Mathematical Modelling of Infectious Diseases,
pharmacy,PHT 4020,Monitoring & Evaluation of Health Programs,
pharmacy,DAN 4020,Survival Data Analysis,
pharmacy,BST 4050,Biostatistical Consultancy,
pharmacy,PHM 4510,Fundamentals of Pharmacometrics,
pharmacy,BST 4010,Research Project,
pharmacy,BST 4060,Principles of Bioinformatics,
pharmacy,ENT 4005,Entrepreneurial Behavior & Ethics,
humanities,FIL 1010,Fundamentals of Information Literacy,
humanities,POL 2201,Introduction to Political Science,
humanities,IRL 2000,Foundation of International Relations,
humanities,IRL 2005,Comparative Foreign Policy,
humanities,IRL 2010,International Organisations,
humanities,IRL 3000,Comparative Political Systems,
humanities,IRL 3003,Research Methods in IR,
humanities,IRL 3005,Contemporary Theories & Ideologies,
humanities,IRL 3021,African Philosophy & Ideologies,
humanities,IRL 3060,African International Relations,
humanities,IRL 4020,International Law,
humanities,IRL 4030,International Political Economy,
humanities,IRL 4075,Mechanism of International Communication,
humanities,IRL 4900,International Relations Project,
humanities,IRL 4910,Internship,
humanities,IRL 3100,Diplomacy,
humanities,IRL 3110,Simulation Exercise,
humanities,IRL 3200,Negotiation & Mediation,
humanities,IRL 4120,International Humanitarian Law,
humanities,IRL 4035,Environmental Politics,
humanities,IRL 4040,Africa – Asia Relations,
humanities,IRL 4050,US./ Africa Relations,
humanities,IRL 4055,Africa – Middle East Relations,
humanities,IRL 4065,East Africa in World Affairs,
humanities,IRL 4151,Field Study,
humanities,IRL 4800,Critical Issues in Kenyan Foreign Policy,
humanities,ECO 1020,Principles of Macroeconomics,
humanities,IRL 3010,Development Issues in Africa,
humanities,IRL 3045,Politics of Regionalism in Africa,
humanities,IRL 2100,Introduction to Human Rights,
humanities,IRL 2220,Gender and IR,
humanities,IRL 3040,Politics in Africa,
humanities,IRL 4150,Area Studies,
humanities,IRL 4220,Refugee Studies,
humanities,IRL 4811,Critical Issues in Africa,
humanities,IRL 3015,Introduction to Peace & Conflict Studies,
humanities,IRL 4001,Regional Conflicts in Africa,
humanities,IRL 4010,Geopolitics,
humanities,IRL 4045,Security Studies & Strategies,
humanities,IRL 4850,Studies in Contemporary International Crisis,
humanities,PSY 1101,Introduction to Psychology,
humanities,PSY 1105,Developmental Psychology,
humanities,PSY 1111,Writing in Psychology,
humanities,PSY 1110,Experimental Psychology,
humanities,PSY 2105,Social Psychology,
humanities,PSY 2120,Psychology of Learning,
humanities,PSY 3105,History & Systems of Psychology,
humanities,PSY 2125,Human Sexuality,
humanities,PSY 3116,Psychology of Adolescence,
humanities,PSY 3110,Psychology of Personality,
humanities,PSY 3125,Multicultural Diversity in Psychology,
humanities,PSY 3141,Psychology of Special Needs,
humanities,PSY 3115,Abnormal Psychology,
humanities,PSY 4105,Statistics For Psychology,
humanities,PSY 4109,Tests and Measurements,
humanities,PSY 4110,Research Methods,
humanities,PSY 4117,Cognitive Psychology,
humanities,PSY 4900,Project / Internship,
humanities,PSY 4910,Project / Internship,
humanities,PSY 4181,Fieldwork in Chemical Dependency,
humanities,CJS 1101,Introduction to Criminal Justice Systems,
humanities,CJS 1103,Juvenile Justice,
humanities,CJS 1104,Criminology,
humanities,CJS 2201,Criminal Law,
humanities,CJS 2202,Criminal Procedure,
humanities,CJS 2204,Corrections and Punishment,
humanities,CJS 2205,Ethics in Criminal Justice,
humanities,CJS 2211,Community and Social Justice,
humanities,CJS 3301,Crime and Public Policy,
humanities,CJS 3303,Victimology,
humanities,CJS 3306,Criminal Investigations,
humanities,CJS 3307,Comparative Criminal Justice Systems,
humanities,CJS 3309,Terrorism and International Security,
humanities,CJS 4120,Criminal Evidence,
humanities,CJS 4130,Research Methods in Criminal Justice,
humanities,CJS 4136,International Criminal Law & Procedures,
humanities,CJS 4900,Criminal Justice Project,
humanities,CJS 4910,Criminal Justice Internship,
humanities,CJS 2207,Diversity and Criminal Justice,
humanities,CJS 2210,Crime and Gender,
humanities,CJS 3305,Forensic Science,
humanities,CJS 3312,Community Policing,
humanities,CJS 3313,Information Technology & Crime,
humanities,CJS 4140,Police Administration,
humanities,CJS 4150,Criminal Justice Administration,
humanities,CJS 4125,Seminar in Criminal Justice,
humanities,SOC 1101,Foundations of Sociology,
humanities,SOC 1102,The Social Structure of Society,
humanities,SOC 2214,Social Change,
humanities,SOC 2220,Writing in Sociology,
humanities,SOC 3302,Classical Sociological Theory,
humanities,SOC 3303,Social Research Methods,
humanities,SOC 4401,Modern Sociological Theory,
humanities,SOC 4402,Micro Sociological Theories,
humanities,SOC 4403,Data Analysis and Report Writing,
humanities,SOC 4910,Sociology Internship / Project,
humanities,SOC 2209,Social Problems,
humanities,SOC 2217,Social Inequality,
humanities,SOC 2218,Social Gerontology,
humanities,SOC 3306,Community Development and Social Welfare,
humanities,SOC 3307,Community Leadership,
humanities,SOC 3317,Social Conflict and Resolution,
humanities,SOC 3324,Sociology of Project Planning and Management,
humanities,SOC 3325,Participatory Project Monitoring & Evaluation,
humanities,SOC 4410,Child Protection and Welfare Practices,
humanities,SOC 4414,Rural Sociology,
humanities,SOC 4416,Public Policy and Administration,
humanities,SOC 4421,Special Topics in Sociology,
humanities,SOC 2207,Concepts of Health and Illness,
humanities,SOC 2208,Bioethics,
humanities,PSY 3171,Social Psychology of Health and Care,
humanities,SOC 3309,Sociology of Health and Medicine,
humanities,SOC 3311,Lifestyle Diseases and Illnesses,
humanities,SOC 3312,Sociology of Mental Health and Illness,
humanities,SOC 3318,Healthcare Systems in Developing Countries,
humanities,SOC 4406,Traditional and Alternative Medical Systems,
humanities,SOC 2213,Sociology of the Family,
humanities,SOC 3308,Formal Organizations,
humanities,SOC 3319,Sociology of Work,
humanities,SOC 3320,Urban Sociology,
humanities,SOC 3322,Industrial Sociology,
humanities,MGT 4040,Human Resource Management,
humanities,SOC 4407,Sociology of Occupations and Professions,
humanities,SOC 4418,Labor Relations and Collective Bargaining,
humanities,SOC 2212,Sociology of Gender,
humanities,SOC 2215,Sociology of Religion,
humanities,SOC 2216,Sociology of Education,
humanities,SOC 3313,Political Sociology,
humanities,SOC 3314,Environmental Sociology,
humanities,SOC 3316,Sociology of Development,
humanities,SOC 3321,Race and Ethnic Relations,
humanities,SOC 3323,Social Demography,
humanities,SOC 4412,Collective Behavior and Social Movements,
humanities,SOC 4415,Sociology of Law,
humanities,SOC 4419,Sociology of Mass Communication,
humanities,PSY 1171,Introduction to Health Psychology,
humanities,COM 3000,Organizational Communication,
humanities,GNS 3001,Women and Men in Cross-cultural Perspective,
humanities,IRL 3030,Patterns of Development,
humanities,POL 3110,Public Policy Formulation,
humanities,POL 3120,Public Personnel Administration,
humanities,MGT 4020,Organizations and Organizational Behavior,
science,IST 1020,Introduction to Information Systems,
science,APT 1030,Fundamentals of Programming Languages,
science,MTH 2010,Probability and Statistics,
science,APT 1040,Introduction to Web Applications & Design,
science,IST 2010,Computer Organization & Assembly Programming,
science,IST 2045,Introduction to Computer Networks,
science,APT 2055,Hardware & Software Practicum,
science,IST 2060,Data Structures & Algorithms,
science,IST 3005,Application of Social Media for Business,
science,BUS 3010,Business Law,
science,IST 4020,Systems Analysis and Design,
science,IST 3040,Digital Lab,
science,APT 3050,Introduction to Project Management,
science,IST 3050,Introduction to Security Systems,
science,APT 3080,Management Information Systems,
science,BUS 3020,Productions & Operations Mgt,
science,IST 4030,Database Management Systems,
science,IST 4040,Decision Support Systems,
science,IST 4072,Object Oriented Analysis & Design,
science,IST 4035,Advanced Web Design and Applications,
science,BUS 4070,Business Values and Ethics,
science,IST 4075,Mobile Applications Development,
science,APT 3065,Mid-Term Project,
science,IST 4060,Telecommunications & Networks,
science,IST 4070,Object Oriented Programming,
science,IST 4078,IT Innovation & Entrepreneurship,
science,IST 4900,Information Systems Project,
science,IST 4910,Information Systems Internship,
science,DST 4010,Distributed Systems,
science,NET 4020,Network Management & Security,
science,NET 4030,Internet Architecture and Protocols,
science,APP 4035,Web Application Development Frameworks,
science,NET 4050,Sensor Networks & Internet of Things,
science,APP 4015,Software Engineering,
science,APP 4025,Design & Development of Cloud Applications,
science,APP 4070,System Programming,
science,APP 4080,Collaborative (Team Work In) Software Development,
science,FIC 4010,Information System Security,
science,FIC 4020,Forensic Accounting & Fraud Investigation Security,
science,FIC 4030,Information Systems Audit,
science,FIC 4040,Information Technology & Cybercrime,
science,FIC 4050,Computer Forensics & Investigation,
science,LIT 4815,Oral Literature,
science,SOC 3500,Social Conflict and Resolution,
science,MGT 4030,Cross Cultural Management,
science,MTH 1110,Calculus,
science,MTH 2215,Discrete Mathematics,
science,APT 2010,Systems Analysis & Design,
science,APT 1050,Database Systems,
science,APT 2020,Computer Organization,
science,APT 2022,Introduction to Assembly Programming,
science,APT 2030,Digital Electronics,
science,APT 2040,Operating Systems,
science,APT 2050,Computer Networks & Telecommunications,
science,APT 2060,Data Structures & Algorithms,
science,APT 2080,Introduction to Software Engineering,
science,APT 2090,Computer Graphics,
science,IST 3015,Business Data Analytics,
science,APT 3010,Introduction to Artificial Intelligence,
science,APT 3040,Object Oriented Design & Programming,
science,APT 3060,Mobile Programming,
science,APT 3095,Cloud Computing and Visualization,
science,APT 3025,Applied Machine Learning,
science,APT 3090,Cryptography & Network Security,
science,APT 4900,Applied Computer Technology Project,
science,APT 4910,Applied Computer Technology Internship,
science,SFE 4010,Human Computer Interaction,
science,SFE 4020,Software Design & Architecture,
science,SFE 4030,Software Testing & Quality Assurance,
science,DST 4020,Mobile Computing,
science,DST 4030,Parallel Computing,
science,DST 4040,Digital Wireless Communication & Networks,
science,DST 4050,Embedded Real Time Systems,
science,MTH 1040,Linear Algebra,
science,MTH 1050,Differential Equations,
science,CSI 1060,Introduction to Data Science,
science,MTH 1060,Analytical and Computational Foundation,
science,STA 2010,Advanced Probability & Statistics,
science,MTH 2030,Numerical Analysis and Its applications,
science,MTH 2020,Optimization Techniques,
science,STA 2030,Statistical Inference,
science,CSI 2040,Data Mining and Analytics,
science,CSI 2020,Principles of Machine Learning,
science,STA 2040,Programming with R for Data Science,
science,STA 2050,Sample Surveys,
science,MTH 3010,Mathematical Finance,
science,STA 3010,Statistical Modeling,
science,STA 3030,Designs and Analysis of Experiments,
science,STA 3040,Mathematical Modeling and Simulation,
science,CSI 3030,Big Data Analytics,
science,APT 3020,Knowledge Based Systems,
science,CSI 3050,Big Data Security,
science,STA 3050,Bayesian Inference and Decision Theory,
science,CSI 3070,Advanced Programming for Data Science,
science,CSI 3900,Applied Project in Data Science I,
science,STA 4010,Survival Analysis,
science,STA 4050,Applied Multivariate Statistical Analysis,
science,CSI 4010,Advanced Databases and Query Language,
science,CSI 4030,Designing Intelligent Agents,
science,CSI 4910,Data Science Internship,
science,CSI 4900,Applied Project in Data Science II,
science,DSA 1060,Introduction to Data Science,
science,DSA 1080,Programming for Data Science,
science,STA 1020,Probability and Statistics I,
science,STA 1040,Statistical Computing,
science,DSA 2020,Principles of Machine Learning,
science,DSA 2040,Data Warehousing and Mining,
science,DSA 3010,Artificial Intelligence,
science,DSA 3030,Business Intelligence and Big Data Analytics,
science,DSA 3040,Natural Language Processing,
science,STA 2060,Stochastic Processes,
science,DSA 3060,High-Performance Parallel Machine Learning,
science,DSA 3070,Data Visualization,
science,DSA 3900,Applied Project in Data Science I,
science,DSA 3050,Big Data Security,
science,STA 4020,Time Series Analysis and Forecasting,
science,DSA 4900,Applied Project in Data Science II,
science,DSA 4910,Data Science Internship,
science,STA 3020,Multivariate Statistical Analysis,
science,DSA 3020,Principles of Machine Learning,
science,DSA 4020,Natural Language Processing,
science,DSA 4030,Big Data Security,
science,DSA 4050,Advanced Machine Learning,
science,SWE 1020,Data structure and Algorithms Analysis,
science,IST 3020,Principles of Operating Systems,
science,SWE 2020,Machine Learning and Big Data,
science,SWE 2030,Software Requirements Engineering,
science,SWE 2040,Programming with Frameworks,
science,SWE 3090,Software Engineering Project,
science,SWE 3010,Security and Business Continuity,
science,SWE 3050,Software Verification,
science,SWE 3030,Software Costing and Estimation,
science,SWE 3040,Software Engineering Process,
science,SWE 3020,Software Quality Assurance and Security,
science,SUS 1011,Strategies for University Success,
science,BUS 1011,Introduction to Business Organizations,
science,IST 1021,Introduction to Information Systems,
science,FIL 1011,Fundamentals of Information Literacy,
science,SWE 4900,Software Engineering Capstone Project II,
science,SWE 4070,Advanced Web-Based Systems Development,
science,SWE 4080,Computer and Network Security,
science,SWE 4090,Enterprise Resource Planning Systems,
science,SFE 4015,Software Configuration Management,
science,SWE 4040,Software Construction and Development,
science,SWE 4060,Software Project Planning and Management,
science,SWE 4910,Software Engineering Internship,
business,MTH 2210,Introduction to Applied Statistics,
business,ACT 1010,Principles of Accounting I,
business,HRM 1020,Kitchen Organization & Food Knowledge,
business,BUS 2010,Business Mathematics,
business,HRT 2010,Food Production,
business,BUS 2020,Business Communications,
business,HRM 3020,Catering Management,
business,HRM 3050,Hotel & Rest. Managerial Accounting & Finance,
business,HRM 4015,Food & Beverage Management,
business,MKT 4050,Services Marketing,
business,HRM 4090,Internship/Project,
business,HRM 4900,Internship/Project,
business,HRM 4030,House Keeping and Laundry Mgt,
business,HRM 3040,Hygiene and Nutrition,
business,BUS 4010,Small Business Entrepreneurship,
business,HRM 4020,Front Office Management.,
business,HRM 4025,Hotel Information Systems,
business,HRM 3030,Environmental Management for Hotel,
business,HRM 3025,Physical Plant Development and Maintenance,
business,HRM 3015,Hotel and Catering Laws,
business,HRM 4010,Restaurant Development and Operations,
business,BUS 4080,Business Process Management,
business,HRM 3045,Advanced Food Production,
business,HRM 3035,Beverage and Bar Service Management,
business,GNS 2000,Introduction to Gender Studies,
business,GNS 2001,Communication & Gender,
business,LIT 1106,African Fiction,
business,LIT 2220,Literature & Culture,
business,PHL 1104,Introduction to Philosophy,
business,FAR 3000,Music of the World,
business,FAR 3001,Visual Arts of the World,
business,HIS 3015,20th Century Eastern Africa,
business,HIS 3021,History of Modern Asian Civilization,
business,HIS 3025,History of Kenya,
business,LIT 3330,Literature for Children & Adolescents,
business,LIT 3340,Myths,
business,LIT 3351,Masterpieces of World Literature,
business,PHL 3309,Major Figures in Philosophy,
business,PSY 3150,Courtship & Marriage,
business,SOC 3310,Family & Kinship in a Multicultural Context,
business,IST 2040,Information Systems and Application,
business,ACT 2010,Principles of Accounting II,
business,BUS 3030,Business Statistics,
business,FIN 3010,Principles of Finance,
business,IBA 4010,International Business Operations,
business,IBA 4020,International Economics and Trade,
business,IBA 4910,Internship / Project,
business,IBA 4950,Internship / Project,
business,ACT 3010,Accounting Information Systems.,
business,ACT 4010,Managerial Accounting,
business,ACT 4020,Financial Accounting I,
business,ACT 4030,Financial Accounting II,
business,ACT 4040,Cost Accounting or,
business,ACT 4050,International Accounting,
business,ENT 4020,Management of Entrepreneurial Ventures,
business,ENT 4040,Electronic Commerce,
business,ENT 4050,International Dimensions of Entrepreneurship,
business,ENT 4060,Small Business Consulting,
business,FIN 4050,Financial Information Systems,
business,FIN 4010,International Managerial Finance,
business,FIN 4020,Corporate Finance,
business,FIN 4030,Investments,
business,FIN 4040,Money and Capital Markets,
business,MGT 4010,Dimensions of Leadership and Management,
business,MGT 4050,Total Quality Management,
business,MKT 3020,Marketing Information Systems,
business,MKT 4010,International Marketing,
business,MKT 4020,Marketing Research,
business,MKT 4030,Marketing Communications and Buyer Behavior,
business,BUS 4000,Corporate Law,
business,BUS 4005,Project Management,
business,BUS 4015,Supply Chain Management,
business,ACT 4060,Taxation I,
business,ACT 4110,Taxation II,
business,FIN 4060,Financial Management in the Public Sector,
business,FIN 4910,Internship /Project,
business,FIN 4950,Internship /Project,
business,FIN 4110,Portfolio and Derivatives Management,
business,FIN 4120,Pensions and Insurance,
business,FIN 4130,Financial Analysis and Reporting,
business,FIN 4140,Emerging Issues in Finance,
business,FIN 4150,Financial Modeling,
business,FIN 4210,Real Estate Portfolio Management,
business,FIN 4220,Real Estate Investment Analysis,
business,FIN 4230,Real Estate Economics,
business,FIN 4240,Property Law,
business,FIN 4250,Real Estate Management Consultancy,
business,ECO 4010,Intermediate Micro-economics,
business,ECO 4020,Intermediate Macro-economics,
business,ECO 4030,Economic Development,
business,ECO 4040,Public Finance,
business,ECO 4050,Health Finance and Economics,
business,GLG 1010,Introduction to Leadership and Governance,
business,ECO 1015,Introduction to Economics,
business,GLG 2010,Psychology of Leadership,
business,GLG 2000,Marketing for Business Leaders,
business,GLG 3010,Leadership and Organizational Behavior,
business,GLG 2080,Human Rights and Labour Relations,
business,GLG 3020,Policy Formulation and Analysis,
business,GLG 4030,Communication and Conflict Management,
business,GLG 4090,Global Leadership and Management of change,
business,GLG 4020,Sustainable Social Entrepreneurship,
business,GLG 4910,Internship / Project,
business,GLG 4950,Internship / Project,
business,FIN 4015,Publice Finance and Budgeting,
business,GLG 4015,Constitutional and Administrative Law,
business,GLG 4075,Politics and Administration,
business,GLG 4080,Global Leadership and Democracy,
business,GLG 4085,Advocacy and Lobbying,
business,GLG 4040,Board Leadership and Governance,
business,GLG 4045,Risk Management,
business,BUS 4030,Quantitative Techniques,
business,ACT 4070,Auditing,
business,ACT 4910,Internship /Project,
business,ACT 4950,Internship /Project,
business,ACT 4120,Auditing &Investigations,
business,ACT 4130,Forensic Accounting,
business,ACT 4021,Financial Reporting 1,
business,ACT 4031,Financial Reporting II,
business,ACT 4071,Principles of Auditing,
business,ACT 4131,Public Sector Accounting,
